Brand,Model,RAM,Storage,Url Path
OnePlus,OnePlus Nord CE 3 lite 5G,8 GB,256 GB,https://jmd-asp2.jiostore.online/ext/asp/product/oneplus-nord-ce-3-lite-5g-256-gb-8-gb-ram-chromatic-gray-mobile-phone-lgakxw
OnePlus,OnePlus Nord CE 3 lite 5G,8 GB,256 GB,https://jmd-asp2.jiostore.online/ext/asp/product/oneplus-nord-ce-3-lite-5g-256-gb-8-gb-ram-pastel-lime-mobile-phone-lgakxw
OnePlus,OnePlus Nord CE 2 5G,6 GB,128 GB,https://jmd-asp2.jiostore.online/ext/asp/product/oneplus-nord-ce-2-5g-128-gb-6-gb-ram-grey-smartphone-kzwg1u
OnePlus,OnePlus Nord CE 2 5G,6 GB,128 GB,https://jmd-asp2.jiostore.online/ext/asp/product/oneplus-nord-ce-2-5g-128-gb-6-gb-ram-blue-smartphone-kzwg1z
OnePlus,OnePlus Nord CE 5G,8 GB,128 GB,https://jmd-asp2.jiostore.online/ext/asp/product/oneplus-nord-ce-5g-128-gb-8-gb-ram-blue-void-smartphone
OnePlus,OnePlus Nord CE 5G,8 GB,128 GB,https://jmd-asp2.jiostore.online/ext/asp/product/oneplus-nord-ce-5g-128-gb-8-gb-ram-charcoal-ink-smartphone
OnePlus,OnePlus Nord CE 2 5G,8 GB,128 GB,https://jmd-asp2.jiostore.online/ext/asp/product/oneplus-nord-ce-2-5g-128-gb-8-gb-ram-grey-smartphone-kzwg1s
OnePlus,OnePlus Nord CE 2 5G,8 GB,128 GB,https://jmd-asp2.jiostore.online/ext/asp/product/oneplus-nord-ce-2-5g-128-gb-8-gb-ram-blue-smartphone-kzwg1y
OnePlus,OnePlus Nord CE 3 5G,8 GB,128 GB,https://jmd-asp2.jiostore.online/ext/asp/product/oneplus-nord-ce3-5g-128gb-8gb-ram-aqua-surge-mobile-phone-lkuebm-7532787
OnePlus,OnePlus Nord CE 3 5G,8 GB,128 GB,https://jmd-asp2.jiostore.online/ext/asp/product/oneplus-nord-ce3-5g-128gb-8gb-ram-grey-shimmer-mobile-phone-lkuebq-7532790
OnePlus,OnePlus Nord CE 5G,12 GB,256 GB,https://jmd-asp2.jiostore.online/ext/asp/product/oneplus-nord-ce-5g-256-gb-12-gb-ram-blue-void-smartphone
OnePlus,OnePlus Nord CE 3 5G,12 GB,256 GB,https://jmd-asp2.jiostore.online/ext/asp/product/oneplus-nord-ce3-5g-256gb-12gb-ram-grey-shimmer-mobile-phone-lkuebt-7532791
OnePlus,OnePlus Nord CE 3 5G,12 GB,256 GB,https://jmd-asp2.jiostore.online/ext/asp/product/oneplus-nord-ce3-5g-256gb-12gb-ram-aqua-surge-mobile-phone-lkuebm-7532789
OnePlus,OnePlus Nord 2 5G,8 GB,128 GB,https://jmd-asp2.jiostore.online/ext/asp/product/oneplus-nord-2-5g-128-gb-8-gb-ram-gray-sierra-smartphone
OnePlus,OnePlus Nord 3 5G,8 GB,128 GB,https://jmd-asp2.jiostore.online/ext/asp/product/oneplus-nord-3-5g-128-gb-8-gb-ram-misty-green-mobile-phone-ljwyut
OnePlus,OnePlus Nord 3 5G,8 GB,128 GB,https://jmd-asp2.jiostore.online/ext/asp/product/oneplus-nord-3-5g-128-gb-8-gb-ram-tempest-grey-mobile-phone-ljwyuw
OnePlus,OnePlus Nord 2 5G,12 GB,256 GB,https://jmd-asp2.jiostore.online/ext/asp/product/oneplus-nord-2-5g-256-gb-12-gb-ram-blue-haze-smartphone
OnePlus,OnePlus 10R 5G,8 GB,128 GB,https://jmd-asp2.jiostore.online/ext/asp/product/oneplus-10r-5g-128-gb-8-gb-ram-forest-green-mobile-phone-l2qdgh
OnePlus,OnePlus 10R 5G,8 GB,128 GB,https://jmd-asp2.jiostore.online/ext/asp/product/oneplus-10r-5g-128-gb-8-gb-ram-sierra-black-mobile-phone-l2qdgh
OnePlus,Oneplus nord 3 5G,16 GB,256 GB,https://jmd-asp2.jiostore.online/ext/asp/product/oneplus-nord-3-5g-256-gb-16-gb-ram-misty-green-mobile-phone-ljwyuv
OnePlus,Oneplus nord 3 5G,16 GB,256 GB,https://jmd-asp2.jiostore.online/ext/asp/product/oneplus-nord-3-5g-256-gb-16-gb-ram-tempest-grey-mobile-phone-ljwyux
OnePlus,OnePlus 10R 5G,12 GB,256 GB,https://jmd-asp2.jiostore.online/ext/asp/product/oneplus-10r-5g-256gb-12gb-ram-forest-green-mobile-phone-l2qdge
OnePlus,OnePlus 10R 5G,12 GB,256 GB,https://jmd-asp2.jiostore.online/ext/asp/product/oneplus-10r-5g-256-gb-12-gb-ram-sierra-black-mobile-phone-80-watts-l2qdgi
OnePlus,OnePlus 10R 5G,12 GB,128 GB,https://jmd-asp2.jiostore.online/ext/asp/product/oneplus-10r-5g-256-gb-12-gb-ram-sierra-black-mobile-phone-l2qdgg
OnePlus,OnePlus 11R,8 GB,128 GB,https://jmd-asp2.jiostore.online/ext/asp/product/oneplus-11r-5g-128-gb-8-gb-ram-galatic-silver-mobile-phone-leeaia
OnePlus,OnePlus 11R,8 GB,128 GB,https://jmd-asp2.jiostore.online/ext/asp/product/oneplus-11r-5g-128-gb-8-gb-ram-sonic-black-mobile-phone-leeaib
OnePlus,OnePlus 9 Pro,8 GB,256 GB,https://jmd-asp2.jiostore.online/ext/asp/product/oneplus-9-pro-128-gb-8-gb-ram-morning-mist-smartphone
OnePlus,OnePlus 8T,12 GB,128 GB,https://jmd-asp2.jiostore.online/ext/asp/product/oneplus-8t-256-gb-12-gb-ram-aquamarine-green-smartphone
OnePlus,OnePlus 10T 5G,8 GB,128 GB,https://jmd-asp2.jiostore.online/ext/asp/product/oneplus-10t-5g-128-gb-8-gb-ram-jade-green-mobile-phone-l6fbmq
OnePlus,OnePlus 10T 5G,8 GB,256 GB,https://jmd-asp2.jiostore.online/ext/asp/product/oneplus-10t-5g-128-gb-8-gb-ram-moonstone-black-mobile-phone-l6fbmr
OnePlus,OnePlus 11R 5G,16 GB,256 GB,https://jmd-asp2.jiostore.online/ext/asp/product/oneplus-11r-5g-256-gb-16-gb-ram-galatic-silver-mobile-phone-leeaic
OnePlus,OnePlus 11R 5G,16 GB,256 GB,https://jmd-asp2.jiostore.online/ext/asp/product/oneplus-11r-5g-256-gb-16-gb-ram-sonic-black-mobile-phone-leeaie
OnePlus,OnePlus 10T 5G,12 GB,256 GB,https://jmd-asp2.jiostore.online/ext/asp/product/oneplus-10t-5g-256-gb-12-gb-ram-jade-green-mobile-phone-l6fbmo
OnePlus,OnePlus 10T 5G,12 GB,256 GB,https://jmd-asp2.jiostore.online/ext/asp/product/oneplus-10t-5g-256-gb-12-gb-ram-moonstone-black-mobile-phone-l6fbmp
OnePlus,OnePlus 10T 5G,16 GB,256 GB,https://jmd-asp2.jiostore.online/ext/asp/product/oneplus-10t-5g-256-gb-16-gb-ram-moonstone-black-mobile-phone-l6fbmo
OnePlus,OnePlus 10 Pro,8 GB,128 GB,https://jmd-asp2.jiostore.online/ext/asp/product/oneplus-10-pro-128-gb-ram-8-gb-ram-emerald-forest-mobile-phone-l1kzu4
OnePlus,OnePlus 10 Pro,8 GB,128 GB,https://jmd-asp2.jiostore.online/ext/asp/product/oneplus-10-pro-128-gb-ram-8-gb-ram-volcanic-black-mobile-phone-l1kzu4
OnePlus,OnePlus 11 5G,8 GB,128 GB,https://jmd-asp2.jiostore.online/ext/asp/product/oneplus-11-5g-128-gb-8-gb-ram-titan-black-mobile-phone-ldsxtg
OnePlus,OnePlus 11 5G,8 GB,128 GB,https://jmd-asp2.jiostore.online/ext/asp/product/oneplus-11-5g-128-gb-8-gb-ram-eternal-green-mobile-phone-ldsxtl
OnePlus,OnePlus 10 Pro,12 GB,256 GB,https://jmd-asp2.jiostore.online/ext/asp/product/oneplus-10-pro-256-gb-12-gb-ram-emerald-forest-mobile-phone-l1kzu6
OnePlus,OnePlus 10 Pro,12 GB,256 GB,https://jmd-asp2.jiostore.online/ext/asp/product/oneplus-10-pro-256-gb-12-gb-ram-volcanic-black-mobile-phone-l1kzu6
OnePlus,OnePlus 11 5G,16 GB,256 GB,https://jmd-asp2.jiostore.online/ext/asp/product/oneplus-11-5g-256-gb-16-gb-ram-titan-black-mobile-phone-ldsxtl
OnePlus,OnePlus 11 5G,16 GB,256 GB,https://jmd-asp2.jiostore.online/ext/asp/product/oneplus-11-5g-256-gb-16-gb-ram-eternal-green-mobile-phone-ldsxu0
TECNO,Techno pop 5 LTE,2 GB,32 GB,https://jmd-asp2.jiostore.online/ext/asp/product/tecno-pop-5-lte-32-gb-ram-2-gb-ram-turquoise-cyan-mobile-phone-l2hqow
TECNO,Techno pop 5 LTE,2 GB,32 GB,https://jmd-asp2.jiostore.online/ext/asp/product/tecno-pop-5-lte-32-gb-ram-2-gb-ram-ice-blue-mobile-phone-l2hqoy
TECNO,Techno pop 5 LTE,2 GB,32 GB,https://jmd-asp2.jiostore.online/ext/asp/product/tecno-pop-5-lte-32-gb-ram-2-gb-ram-deepsea-lustre-mobile-phone-l2hqoy
TECNO,Techno pop 6 Pro,2 GB,32 GB,https://jmd-asp2.jiostore.online/ext/asp/product/tecno-pop-6-pro-32-gb-2-gb-ram-peaceful-blue-mobile-phone-l8ixmb
TECNO,Techno pop 6 Pro,2 GB,32 GB,https://jmd-asp2.jiostore.online/ext/asp/product/tecno-pop-6-pro-32-gb-2-gb-ram-polar-black-mobile-phone-l8ixmb
TECNO,Techno pop 7 Pro,3 GB,64 GB,https://jmd-asp2.jiostore.online/ext/asp/product/tecno-pop-7-pro-64-gb-3-gb-ram-black-mobile-phone-li34ak
TECNO,Techno pop 7 Pro,3 GB,64 GB,https://jmd-asp2.jiostore.online/ext/asp/product/tecno-pop-7-pro-64-gb-3-gb-ram-blue-mobile-phone-lhyhj6
TECNO,Techno Spark 9,4 GB,64 GB,https://jmd-asp2.jiostore.online/ext/asp/product/tecno-spark-9-64gb-4gb-ram-sky-mirror-mobile-phone-l5troh
TECNO,Techno Spark 9,4 GB,64 GB,https://jmd-asp2.jiostore.online/ext/asp/product/tecno-spark-9-64gb-4gb-ram-infinity-black-mobile-phone-l5troh
TECNO,Techno Spark 8,4 GB,64 GB,https://jmd-asp2.jiostore.online/ext/asp/product/tecno-spark-8-64gb-4gb-ram-turquoise-cyan-mobile-phone-l5o00z
TECNO,Techno Spark 8,4 GB,64 GB,https://jmd-asp2.jiostore.online/ext/asp/product/tecno-spark-8-64gb-4gb-ram-atlantic-blue-mobile-phone-l5o00z
TECNO,Techno Spark 9,6 GB,128 GB,https://jmd-asp2.jiostore.online/ext/asp/product/tecno-spark-9-128gb-6gb-ram-sky-mirror-mobile-phone-l5troj
TECNO,Techno Spark 9,6 GB,128 GB,https://jmd-asp2.jiostore.online/ext/asp/product/tecno-spark-9-128gb-6gb-ram-infinity-black-mobile-phone-l5troj
TECNO,Techno Spark 9T,4 GB,64 GB,https://jmd-asp2.jiostore.online/ext/asp/product/tecno-spark-9t-64-gb-4-gb-ram-turquoise-cyan-mobile-phone-l6dyey
TECNO,Techno Spark 9T,4 GB,64 GB,https://jmd-asp2.jiostore.online/ext/asp/product/tecno-spark-9t-64-gb-4-gb-ram-atlantic-blue-mobile-phone-l6dyey
TECNO,That techno Spark 8T,4 GB,64 GB,https://jmd-asp2.jiostore.online/ext/asp/product/tecno-spark-8t-64-gb-4-gb-ram-turquoise-cyan-mobile-phone-l2hqot
TECNO,That techno Spark 8T,4 GB,64 GB,https://jmd-asp2.jiostore.online/ext/asp/product/tecno-spark-8t-64-gb-4-gb-ram-atlantic-blue-mobile-phone-l2hqou
TECNO,Techno Spark  8 Pro,4 GB,64 GB,https://jmd-asp2.jiostore.online/ext/asp/product/tecno-spark-8-pro-64-gb-4-gb-ram-turquoise-cyan-mobile-phone-l2hqou
TECNO,Techno Spark  8 Pro,4 GB,64 GB,https://jmd-asp2.jiostore.online/ext/asp/product/tecno-spark-8-pro-64-gb-4-gb-ram-interstellar-black-mobile-phone-l2hqow
TECNO,Techno Pova3,4 GB,64 GB,https://jmd-asp2.jiostore.online/ext/asp/product/tecno-pova3-64-gb-4-gb-ram-eco-black-mobile-phone-l4r6sw
TECNO,Techno Pova3,4 GB,64 GB,https://jmd-asp2.jiostore.online/ext/asp/product/tecno-pova3-64-gb-4-gb-ram-tech-silver-mobile-phone-l4r6sw
TECNO,Techno Pova3,4 GB,64 GB,https://jmd-asp2.jiostore.online/ext/asp/product/tecno-pova3-64-gb-4-gb-ram-electric-blue-mobile-phone-l4r6sy
TECNO,Techno Pova3,8 GB,128 GB,https://jmd-asp2.jiostore.online/ext/asp/product/tecno-pova-4-128-gb-8-gb-ram-cryolite-blue-mobile-phone-lb3r3q
Infinix,Infinix Smart 6 HD,2 GB,32 GB,https://jmd-asp2.jiostore.online/ext/asp/product/infinix-smart-6-hd-32-gb-2-gb-ram-force-black-mobile-phone-l8kf6r
Infinix,Infinix Smart 6 HD,2 GB,32 GB,https://jmd-asp2.jiostore.online/ext/asp/product/infinix-smart-6-hd-32-gb-2-gb-ram-origin-blue-mobile-phone-l8kf6r
Infinix,Infinix Smart 6 HD,2 GB,32 GB,https://jmd-asp2.jiostore.online/ext/asp/product/infinix-smart-6-hd-32-gb-2-gb-ram-aqua-sky-mobile-phone-l8kf6t
Infinix,Infinix Smart  5A,2 GB,32 GB,https://jmd-asp2.jiostore.online/ext/asp/product/infinix-smart-5a-32-gb-2-gb-ram-quetzal-cyan-smartphone-l1k9cw
Infinix,Infinix Smart  5A,2 GB,32 GB,https://jmd-asp2.jiostore.online/ext/asp/product/infinix-smart-5a-32-gb-2-gb-ram-ocean-wave-smartphone-l1k9df
Infinix,Infinix Smart  5A,2 GB,32 GB,https://jmd-asp2.jiostore.online/ext/asp/product/infinix-smart-5a-32-gb-2-gb-ram-midnight-black-mobile-phone-l1kl2s
Infinix,Infinix smart 6,2 GB,64 GB,https://jmd-asp2.jiostore.online/ext/asp/product/infinix-smart-6-64gb-2gb-ram-polar-black-mobile-phone-l5ieaf
Infinix,Infinix smart 6,2 GB,64 GB,https://jmd-asp2.jiostore.online/ext/asp/product/infinix-smart-6-64gb-2gb-ram-light-sea-green-mobile-phone-l5ieal
Infinix,Infinix smart 6,2 GB,64 GB,https://jmd-asp2.jiostore.online/ext/asp/product/infinix-smart-6-64gb-2gb-ram-starry-purple-mobile-phone-l5ieaj
Infinix,Infinix smart 6,2 GB,64 GB,https://jmd-asp2.jiostore.online/ext/asp/product/infinix-smart-6-64gb-2gb-ram-heart-of-ocean-mobile-phone-l5ieal
Infinix,Infinix smart 6 Plus,3 GB,64 GB,https://jmd-asp2.jiostore.online/ext/asp/product/infinix-smart-6-plus-64-gb-3-gb-ram-miracle-black-mobile-phone-l6551y
Infinix,Infinix smart 6 Plus,3 GB,64 GB,https://jmd-asp2.jiostore.online/ext/asp/product/infinix-smart-6-plus-64-gb-3-gb-ram-crystal-violet-mobile-phone-l6551w
Infinix,Infinix Hot 12 Play,4 GB,64 GB,https://jmd-asp2.jiostore.online/ext/asp/product/infinix-hot-12-play-64-gb-4-gb-ram-daylight-green-mobile-phone-l5ieal
Infinix,Infinix Hot 12 Play,4 GB,64 GB,https://jmd-asp2.jiostore.online/ext/asp/product/infinix-hot-12-play-64-gb-4-gb-ram-horizon-blue-mobile-phone-l5ieaj
Infinix,Infinix Hot 12 Play,4 GB,64 GB,https://jmd-asp2.jiostore.online/ext/asp/product/infinix-hot-12-play-64-gb-4-gb-ram-racing-black-mobile-phone-l5ieal
Infinix,Infinix Hot 12 Play,4 GB,64 GB,https://jmd-asp2.jiostore.online/ext/asp/product/infinix-hot-12-play-64-gb-4-gb-ram-champagne-gold-mobile-phone-l5iean
Infinix,Infinix Hot 20 Play,4 GB,64 GB,https://jmd-asp2.jiostore.online/ext/asp/product/infinix-hot-20-play-64-gb-4-gb-ram-racing-black-mobile-phone-lbapx0
Infinix,Infinix Hot 20 Play,4 GB,64 GB,https://jmd-asp2.jiostore.online/ext/asp/product/infinix-hot-20-play-64-gb-4-gb-ram-aurora-green-mobile-phone-lbapx0
Infinix,Infinix Hot 20 Play,4 GB,64 GB,https://jmd-asp2.jiostore.online/ext/asp/product/infinix-hot-20-play-64-gb-4-gb-ram-fantasy-purple-mobile-phone-lbapx2
Infinix,Infinix Hot 20 Play,4 GB,64 GB,https://jmd-asp2.jiostore.online/ext/asp/product/infinix-hot-20-play-64-gb-4-gb-ram-luna-blue-mobile-phone-lbapx2
Infinix,Infinix Hot 11,4 GB,64 GB,https://jmd-asp2.jiostore.online/ext/asp/product/infinix-hot-11-2022-64gb-4gb-ram-aurora-green-mobile-phone-l4cyil
Infinix,Infinix Hot 11,4 GB,64 GB,https://jmd-asp2.jiostore.online/ext/asp/product/infinix-hot-11-2022-64gb-4gb-ram-sunset-gold-mobile-phone-l4cyin
Infinix,Infinix Hot 11,4 GB,64 GB,https://jmd-asp2.jiostore.online/ext/asp/product/infinix-hot-11-2022-64gb-4gb-ram-polar-black-mobile-phone-l4cyin
Infinix,Infinix Hot 12,4 GB,64 GB,https://jmd-asp2.jiostore.online/ext/asp/product/infinix-hot-12-64-gb-4-gb-ram-7-degree-purple-mobile-phone-lbcg0f
Infinix,Infinix Hot 12,4 GB,64 GB,https://jmd-asp2.jiostore.online/ext/asp/product/infinix-hot-12-64-gb-4-gb-ram-exploratory-blue-mobile-phone-lbcg0l
Infinix,Infinix Hot 12,4 GB,64 GB,https://jmd-asp2.jiostore.online/ext/asp/product/infinix-hot-12-64-gb-4-gb-ram-polar-black-mobile-phone-lbcg0l
Infinix,Infinix Hot 12,4 GB,64 GB,https://jmd-asp2.jiostore.online/ext/asp/product/infinix-hot-12-64-gb-4-gb-ram-turquoise-cyan-mobile-phone-lbcg0n
Infinix,Infinix Smart 6 Plus,3 GB,64 GB,https://jmd-asp2.jiostore.online/ext/asp/product/infinix-smart-6-plus-64-gb-3-gb-ram-mobile-phone-miracle-black-dummy-l9i4e6
Infinix,Infinix Hot 11S,4 GB,64 GB,https://jmd-asp2.jiostore.online/ext/asp/product/infinix-hot-11s-64-gb-4-gb-ram-purple-mobile-phone-l1kl25
Infinix,Infinix Hot 11S,4 GB,64 GB,https://jmd-asp2.jiostore.online/ext/asp/product/infinix-hot-11s-64-gb-4-gb-ram-silver-smartphone-l1k9cv
Infinix,Infinix Hot 11S,4 GB,64 GB,https://jmd-asp2.jiostore.online/ext/asp/product/infinix-hot-11s-64-gb-4-gb-ram-black-mobile-phone-l1kl22
Infinix,Infinix Hot 11S,4 GB,64 GB,https://jmd-asp2.jiostore.online/ext/asp/product/infinix-hot-11s-64-gb-4-gb-ram-green-wave-smartphone-l1k9d8
Infinix,Infinix Hot 12 Pro,6 GB,64 GB,https://jmd-asp2.jiostore.online/ext/asp/product/infinix-hot-12-pro-64-gb-6-gb-ram-lightsaber-green-mobile-phone-l6fbmr
Infinix,Infinix Hot 12 Pro,6 GB,64 GB,https://jmd-asp2.jiostore.online/ext/asp/product/infinix-hot-12-pro-64-gb-6-gb-ram-electric-blue-mobile-phone-l6fbmr
Infinix,Infinix Hot 11S,4 GB,64 GB,https://jmd-asp2.jiostore.online/ext/asp/product/infinix-hot-11s-128-gb-4-gb-ram-silver-mobile-phone-l1kl1u
Infinix,Infinix Hot 11S,4 GB,128 GB,https://jmd-asp2.jiostore.online/ext/asp/product/infinix-hot-11s-128-gb-4-gb-ram-green-wave-mobile-phone-l1kl2d
Infinix,Infinix Hot 11S,4 GB,128 GB,https://jmd-asp2.jiostore.online/ext/asp/product/infinix-hot-11s-128-gb-4-gb-ram-black-mobile-phone-l1kl25
Infinix,Infinix Hot 11S,4 GB,128 GB,https://jmd-asp2.jiostore.online/ext/asp/product/infinix-hot-11s-128-gb-4-gb-ram-purple-mobile-phone-l1kl25
Infinix,Infinix Note 12,4 GB,64 GB,https://jmd-asp2.jiostore.online/ext/asp/product/infinix-note-12-64gb-4gb-ram-jewel-blue-mobile-phone-l4cyic
Infinix,Infinix Note 12,4 GB,64 GB,https://jmd-asp2.jiostore.online/ext/asp/product/infinix-note-12-64gb-4gb-ram-sunset-gold-mobile-phone-l4cyid
Infinix,Infinix Note 12,4 GB,64 GB,https://jmd-asp2.jiostore.online/ext/asp/product/infinix-note-12-64gb-4gb-ram-force-black-mobile-phone-l4cyid
Infinix,Infinix Note 11,4 GB,64 GB,https://jmd-asp2.jiostore.online/ext/asp/product/infinix-note-11-64-gb-4-gb-ram-graphite-black-mobile-phone-l1kl1u
Infinix,Infinix Note 11,4 GB,64 GB,https://jmd-asp2.jiostore.online/ext/asp/product/infinix-note-11-64-gb-4-gb-ram-celestial-snow-mobile-phone-l1kl20
Infinix,Infinix Note 11,4 GB,64 GB,https://jmd-asp2.jiostore.online/ext/asp/product/infinix-note-11-64-gb-4-gb-ram-glacier-green-smartphone-l1k9dg
Infinix,Infinix Note 12,6 GB,128 GB,https://jmd-asp2.jiostore.online/ext/asp/product/infinix-note-12-128gb-6gb-ram-force-black-mobile-phone-l4cyie
Infinix,Infinix Note 12,6 GB,128 GB,https://jmd-asp2.jiostore.online/ext/asp/product/infinix-note-12-128gb-6gb-ram-jewel-blue-mobile-phone-l4cyie
Infinix,Infinix Hot 12 Pro,8 GB,128 GB,https://jmd-asp2.jiostore.online/ext/asp/product/infinix-hot-12-pro-128-gb-8-gb-ram-racing-black-mobile-phone-l6fbmt
Infinix,Infinix Hot 12 Pro,8 GB,128 GB,https://jmd-asp2.jiostore.online/ext/asp/product/infinix-hot-12-pro-128-gb-8-gb-ram-electric-blue-mobile-phone-l6fbmt
Infinix,Infinix Hot 12 Pro,8 GB,128 GB,https://jmd-asp2.jiostore.online/ext/asp/product/infinix-hot-12-pro-128-gb-8-gb-ram-lightsaber-green-mobile-phone-l6fbmv
Infinix,Infinix Hot 12 Pro,8 GB,128 GB,https://jmd-asp2.jiostore.online/ext/asp/product/infinix-hot-12-pro-128-gb-8-gb-ram-halo-white-mobile-phone-l6fbmw
Infinix,Infinix Note,6 GB,128 GB,https://jmd-asp2.jiostore.online/ext/asp/product/infinix-note-11-128-gb-6-gb-ram-celestial-snow-mobile-phone-l1kl1w
Infinix,Infinix Note,6 GB,128 GB,https://jmd-asp2.jiostore.online/ext/asp/product/infinix-note-11-128-gb-6-gb-ram-glacier-green-mobile-phone-l1kl22
Infinix,Infinix Note,6 GB,128 GB,https://jmd-asp2.jiostore.online/ext/asp/product/infinix-note-11-128-gb-6-gb-ram-graphite-black-mobile-phone-l1kl25
Infinix,Infinix Note 11S,6 GB,64 GB,https://jmd-asp2.jiostore.online/ext/asp/product/infinix-note-11s-64-gb-6-gb-ram-haze-green-mobile-phone-l1kl2z
Infinix,Infinix Note 11S,6 GB,64 GB,https://jmd-asp2.jiostore.online/ext/asp/product/infinix-note-11s-64-gb-6-gb-ram-mithril-grey-mobile-phone-l1kl32
Infinix,Infinix Note 11S,6 GB,64 GB,https://jmd-asp2.jiostore.online/ext/asp/product/infinix-note-11s-64-gb-6-gb-ram-symphony-cyan-mobile-phone-l1kl32
Infinix,Infinix Note 12 Turbo,8 GB,128 GB,https://jmd-asp2.jiostore.online/ext/asp/product/infinix-note-12-turbo-128gb-8gb-ram-sapphire-blue-mobile-phone-l4cyig
Infinix,Infinix Note 12 Turbo,8 GB,128 GB,https://jmd-asp2.jiostore.online/ext/asp/product/infinix-note-12-turbo-128gb-8gb-ram-snowfall-white-mobile-phone-l4cyii
Infinix,Infinix Note 12 Turbo,8 GB,128 GB,https://jmd-asp2.jiostore.online/ext/asp/product/infinix-note-12-turbo-128gb-8gb-ram-force-black-mobile-phone-l4cyim
Infinix,Infinix Note 11S Free Fire Edition,8 GB,128 GB,https://jmd-asp2.jiostore.online/ext/asp/product/infinix-note-11s-free-fire-edition-128-gb-8-gb-ram-haze-green-mobile-phone-l1kl2x
Infinix,Infinix Note 11S Free Fire Edition,8 GB,128 GB,https://jmd-asp2.jiostore.online/ext/asp/product/infinix-note-11s-free-fire-edition-128-gb-8-gb-ram-mithril-grey-mobile-phone-l1kl2w
Infinix,Infinix Note 11S Free Fire Edition,8 GB,128 GB,https://jmd-asp2.jiostore.online/ext/asp/product/infinix-note-11s-free-fire-edition-128-gb-8-gb-ram-symphony-cyan-mobile-phone-l1kl33
Infinix,Infinix Note 12 5G,6 GB,64 GB,https://jmd-asp2.jiostore.online/ext/asp/product/infinix-note-12-5g-64gb-6gb-ram-snowfall-white-mobile-phone-l5sego
Infinix,Infinix Note 12 5G,6 GB,128 GB,https://jmd-asp2.jiostore.online/ext/asp/product/infinix-note-12-5g-64gb-6gb-ram-force-black-mobile-phone-l5sego
Infinix,Infinix Note 12 Pro 5G,8 GB,128 GB,https://jmd-asp2.jiostore.online/ext/asp/product/infinix-note-12-pro-5g-128gb-8gb-ram-force-black-mobile-phone-l5segq
Infinix,Infinix Note 12 Pro 5G,8 GB,128 GB,https://jmd-asp2.jiostore.online/ext/asp/product/infinix-note-12-pro-5g-128gb-8gb-ram-snowfall-white-mobile-phone-l5segq
Infinix,Infinix Zero 5G,8 GB,128 GB,https://jmd-asp2.jiostore.online/ext/asp/product/infinix-zero-5g-128-gb-8-gb-ram-cosmic-black-smartphone-l1k9ds
Infinix,Infinix Zero 5G,8 GB,128 GB,https://jmd-asp2.jiostore.online/ext/asp/product/infinix-zero-5g-128-gb-8-gb-ram-skylight-orange-mobile-phone-l1kl2z
